[
  {
    "str": "@import url('https://fonts.googleapis.com/css2?family=DM+Sans:ital,wght@0,400;0,500;0,700;1,400;1,500;1,700&family=IBM+Plex+Sans:ital,wght@0,300;0,500;0,600;0,700;1,300;1,500&family=Poppins:wght@400;600&display=swap');",
    "method": "css",
    "imports": {
      "fonts": [
        {
          "fontFamily": "DM Sans",
          "fontStyle": "italic",
          "fontWeight": 400
        },
        {
          "fontFamily": "DM Sans",
          "fontStyle": "italic",
          "fontWeight": 500
        },
        {
          "fontFamily": "DM Sans",
          "fontStyle": "italic",
          "fontWeight": 700
        },
        {
          "fontFamily": "DM Sans",
          "fontStyle": "normal",
          "fontWeight": 400
        },
        {
          "fontFamily": "DM Sans",
          "fontStyle": "normal",
          "fontWeight": 500
        },
        {
          "fontFamily": "DM Sans",
          "fontStyle": "normal",
          "fontWeight": 700
        },
        {
          "fontFamily": "IBM Plex Sans",
          "fontStyle": "italic",
          "fontWeight": 300
        },
        {
          "fontFamily": "IBM Plex Sans",
          "fontStyle": "italic",
          "fontWeight": 500
        },
        {
          "fontFamily": "IBM Plex Sans",
          "fontStyle": "normal",
          "fontWeight": 300
        },
        {
          "fontFamily": "IBM Plex Sans",
          "fontStyle": "normal",
          "fontWeight": 500
        },
        {
          "fontFamily": "IBM Plex Sans",
          "fontStyle": "normal",
          "fontWeight": 600
        },
        {
          "fontFamily": "IBM Plex Sans",
          "fontStyle": "normal",
          "fontWeight": 700
        },
        {
          "fontFamily": "Poppins",
          "fontStyle": "normal",
          "fontWeight": 400
        },
        {
          "fontFamily": "Poppins",
          "fontStyle": "normal",
          "fontWeight": 600
        }
      ]
    }
  }
]